{
    "event number":234, 
    "run number":234,
    "Tracks":{
        "Trk 0":{
            "chi2":11.1009, 
            "dof":11, 
            "dparams": [-0.877211, -68.7662, -0.592811, 2.3198, -6.98485e-05], 
            "pos": [[-0.490093,-0.727536,-68.7662],[22.0855,-15.9098,-94.0604],[27.8653,-19.7885,-100.532],[41.849,-29.159,-116.182],[73.2354,-50.1204,-151.272],[101.532,-68.9346,-182.865],[250.74,-166.844,-348.788],[310.171,-205.243,-414.573],[370.932,-244.152,-481.654],[430.444,-281.924,-547.187],[528.499,-343.441,-654.807],[581.308,-376.206,-712.588],[634.232,-408.789,-770.37],[825.535,-524.484,-978.229],[937.404,-590.664,-1099.07]] 
        },
        "Trk 1":{
            "chi2":50.9662, 
            "dof":48, 
            "dparams": [0.78621, -67.1428, 2.51282, 2.61265, 4.66695e-05], 
            "pos": [[-0.462413,-0.635846,-67.1428],[-22.4558,15.3839,-113.695],[-28.0773,19.4867,-125.602],[-41.6669,29.4186,-154.4],[-72.1045,51.7342,-218.971],[-99.4686,71.8799,-277.107],[-242.565,178.52,-582.435],[-299.012,221.184,-703.492],[-370.549,275.738,-857.409],[-407.653,304.246,-937.464],[-480.281,360.463,-1094.59],[-540.116,407.187,-1224.48],[-596.676,451.686,-1347.6],[-653.082,496.378,-1470.73],[-709.34,541.258,-1593.85],[-765.454,586.316,-1716.98],[-821.431,631.542,-1840.1],[-877.196,676.858,-1963.04]] 
            }
        }
    }
